Algeria,Australia,Austria,"Bahamas, The",Bangladesh,Barbados,Belgium,Belize,Benin,Bolivia,Botswana,Burkina Faso,Burundi,Cameroon,Canada,Chad,Chile,China,Colombia,"Congo, Rep.",Costa Rica,Denmark,Dominican Republic,Ecuador,Eswatini,Ethiopia,Fiji,Finland,France,Gabon,Germany,Ghana,Greece,Guatemala,Guyana,Haiti,Honduras,Iceland,India,"Iran, Islamic Rep.",Ireland,Israel,Italy,Jamaica,Japan,Kenya,"Korea, Rep.",Lesotho,Liberia,Libya,Luxembourg,Madagascar,Malaysia,Mauritius,Mexico,Morocco,Myanmar,Nepal,Netherlands,New Zealand,Niger,Nigeria,Norway,Pakistan,Panama,Papua New Guinea,Paraguay,Philippines,Portugal,Rwanda,Saudi Arabia,Senegal,Sierra Leone,Singapore,South Africa,Spain,Sri Lanka,St. Kitts and Nevis,St. Vincent and the Grenadines,Sudan,Suriname,Sweden,Switzerland,Syrian Arab Republic,Tanzania,Thailand,Togo,Trinidad and Tobago,Turkiye,Uganda,United Kingdom,United States,Uruguay,Zambia
-0.745445325,-0.090532393,-0.063289369,-0.32368887,-1.764826227,-0.498306307,0.009875325,-0.9647373,-1.535391827,-1.209720671,-1.046300929,-1.655150767,-1.770604757,-1.205511602,-0.049964815,-1.729663707,-0.696110293,-1.809901313,-0.993651278,-1.129847973,-0.798215347,0.043010282,-1.029576282,-0.757499312,-1.142630648,-1.7970135,-0.828650972,-0.049355551,0.005618182,-0.342620806,-0.015342636,-1.525883478,-0.329115576,-1.04128726,-1.210117293,-1.710220336,-1.078172417,0.071400598,-1.672347154,-0.710396152,-0.29519519,-0.285850829,-0.172288624,-1.000975514,-0.11413063,-1.447415989,-0.865129716,-1.612978655,-1.453726356,0.041104128,0.118801351,-1.335079449,-0.831633893,-1.024921462,-0.617148087,-1.059031058,-2.607810206,-2.003513477,0.040122118,-0.226344869,-1.490591137,-1.154987532,0.098392609,-1.632052689,-0.727003011,-1.18570702,-0.939724767,-1.218106632,-0.572081432,-1.720893271,0.109375835,-1.201483366,-1.585224781,-0.406817834,-0.617390701,-0.30650865,-1.669232249,-0.898515637,-1.215215797,-1.467021258,-0.773294622,0.133440269,0.188163923,-0.932816093,-1.315743944,-1.249854147,-1.347099111,-0.356858408,-0.906093804,-2.127797224,-0.098110582,0,-0.562875677,-1.267775018
-0.785217771,-0.071539057,-0.172940365,-0.348965419,-1.774247362,-0.504422826,-0.119147061,-1.025428889,-1.630088628,-1.151691117,-1.106899305,-1.748689213,-1.811359676,-1.27103692,-0.052699311,-1.846779757,-0.673306653,-1.850762401,-1.012331175,-1.117734242,-1.121140153,-0.063254487,-1.036554171,-0.728537169,-1.178650099,-1.82399293,-0.87345715,-0.106892459,-0.099403989,-0.444415755,-0.136399853,-1.606643423,-0.414582288,-1.060001382,-1.281159045,-1.735737889,-1.129175828,0.034660927,-1.711734482,-0.750423355,-0.368238274,-0.315676521,-0.263269743,-1.007101751,-0.120772123,-1.534357147,-0.870430693,-1.668327189,-1.516537182,-0.077632561,-0.004340146,-1.431972749,-0.879778512,-1.07319485,-0.564432926,-1.203483883,-2.632554776,-1.991592686,-0.083916804,-0.25251901,-1.612632174,-0.805361391,0.045295815,-1.622344515,-0.729215143,-1.248692797,-0.895441264,-1.234113427,-0.634040968,-1.732828594,0.09162031,-1.300344057,-1.634333045,-0.397462987,-0.656718007,-0.415317557,-1.682185101,-0.870490799,-1.17060882,-1.450354465,-0.77150936,0.047360489,0.101727817,-0.918504163,-1.31271068,-1.272803359,-1.478412459,-0.358709898,-0.946064657,-2.151530951,-0.163146321,0,-0.574259515,-1.313319343
-0.805205098,-0.052885894,-0.185774664,-0.327009953,-1.838827474,-0.501087961,-0.18885394,-1.081827474,-1.66426186,-1.18867026,-1.162816962,-1.779858164,-1.816647796,-1.295600261,-0.061522367,-1.902929442,-0.940848397,-1.851168346,-1.006504636,-1.106202535,-1.149975002,-0.087335187,-1.021245479,-0.792989277,-1.23133673,-1.832453106,-0.912921683,-0.120437549,-0.138124464,-0.4983097,-0.163142893,-1.653282151,-0.41280569,-1.080108877,-1.368226832,-1.760030141,-1.133063734,-0.022287863,-1.719627607,-0.687575667,-0.369754603,-0.301084267,-0.28105828,-0.984068028,-0.169042574,-1.591898644,-0.859978327,-1.789595824,-1.534145695,-0.144919954,-0.05932089,-1.455895808,-0.874844045,-1.117530201,-0.742296333,-1.23132985,-2.529638877,-1.993439321,-0.11512841,-0.275351404,-1.671740629,-0.89341929,0.023173961,-1.615508662,-0.710028156,-1.29477637,-0.937535697,-1.241052343,-0.670836709,-1.763282477,-0.02327005,-1.334566459,-1.592319648,-0.375645754,-0.717042269,-0.446755135,-1.66958661,-0.856152539,-1.140716665,-1.570804753,-0.774632212,-0.021426066,0.095891449,-0.92543618,-1.315220545,-1.274542081,-1.575283579,-0.312119586,-1.012986789,-1.963813244,-0.198145444,0,-0.670681935,-1.356336516
-0.81872267,-0.130272383,-0.212129483,-0.32680042,-1.905082301,-0.508631383,-0.24480138,-1.101297373,-1.772302574,-1.244836337,-1.148146369,-1.864227478,-1.831501129,-1.320293993,-0.061963265,-1.957781862,-0.96106942,-1.838544391,-1.051328389,-1.160351247,-1.11241525,-0.117552322,-1.015478897,-0.901511922,-1.263579885,-1.830446199,-0.982251819,-0.170474762,-0.191604326,-0.570270047,-0.197491568,-1.696738248,-0.490866589,-1.10780051,-1.393142222,-1.759068338,-1.157369916,-0.124421638,-1.725219233,-0.641148654,-0.419587318,-0.293142731,-0.297655235,-0.981786084,-0.16412806,-1.671862058,-0.849346579,-1.788971798,-1.600069868,-0.204896933,-0.099048639,-1.509278059,-0.864556927,-1.14894838,-0.855787195,-1.31162279,-2.600486599,-2.026667505,-0.162973966,-0.310842693,-1.765911,-1.103918958,-0.01757223,-1.69322546,-0.740871431,-1.301918684,-0.961900224,-1.332371513,-0.754524517,-1.789242638,-0.150283397,-1.429386988,-1.748197982,-0.369834325,-0.711682509,-0.540427212,-1.672993147,-0.882079229,-1.144435226,-1.642323258,-0.824460893,-0.090905725,0.06030297,-0.939106549,-1.357561534,-1.276301786,-1.652655753,-0.370146408,-1.072888322,-1.994419481,-0.252464144,0,-0.95994602,-1.469009124
-0.833854752,-0.139361717,-0.279723708,-0.305986644,-1.927565051,-0.514607034,-0.306304713,-1.105708652,-1.844644729,-1.23931247,-1.18089017,-1.958602055,-1.924203189,-1.347617553,-0.089568936,-1.962184495,-1.024187584,-1.834356315,-1.108583871,-1.193788549,-1.100749167,-0.17046736,-0.967406673,-0.96067675,-1.370166121,-1.907863298,-1.013990673,-0.198751376,-0.259019946,-0.60277016,-0.264437344,-1.714108586,-0.547563426,-1.14197247,-1.482291807,-1.761117772,-1.171588962,-0.155820371,-1.789341018,-0.682513862,-0.478267866,-0.368651066,-0.344809862,-1.213028445,-0.184027946,-1.714818213,-0.850927763,-1.907679642,-1.6421924,-0.316069036,-0.149783647,-1.642461139,-0.869702884,-1.215736936,-0.83439892,-1.404220471,-2.676462666,-2.055763557,-0.2345279,-0.406569026,-1.912284846,-1.277631036,-0.057748113,-1.713197065,-0.774257155,-1.354746356,-1.116376942,-1.408974771,-0.831661066,-1.815083033,-0.2459842,-1.493524059,-1.761348967,-0.374497621,-0.820232487,-0.581289576,-1.652895571,-0.866802571,-1.145810382,-1.590526303,-0.879785367,-0.116296014,-0.003309622,-0.998302054,-1.450236036,-1.308186115,-1.736928195,-0.417462007,-1.138041626,-1.84023506,-0.320824314,0,-1.026083805,-1.611113309
-0.843025201,-0.202477973,-0.298480668,-0.286150651,-1.89515101,-0.523342951,-0.318900619,-1.146644413,-1.886915124,-1.335590665,-1.270169671,-1.971878124,-1.894691075,-1.320661414,-0.109575616,-1.942965412,-1.103378994,-1.791924686,-1.185449999,-1.240725683,-1.110460515,-0.17270331,-1.365510327,-0.993052347,-1.551135499,-1.878553313,-1.065409067,-0.204116606,-0.270695474,-0.669932153,-0.286457443,-1.742499899,-0.578469264,-1.169957709,-1.492377752,-1.753452822,-1.18070621,-0.168889118,-1.786734127,-0.679784285,-0.481949428,-0.429109028,-0.3583652,-1.298900871,-0.188719243,-1.762100162,-0.866077541,-2.040423536,-1.681063156,-0.328574043,-0.164666306,-1.693615636,-0.946010662,-1.232104218,-0.844697587,-1.437008535,-2.65781101,-2.086705994,-0.264169338,-0.380103404,-1.958996404,-1.315341531,-0.063570784,-1.754877678,-0.78711372,-1.41404932,-1.293201873,-1.456240286,-0.82875104,-1.823569101,-0.354603922,-1.493300454,-1.901987944,-0.415741657,-0.979975114,-0.588883247,-1.690979043,-0.840333089,-1.142618583,-1.73803702,-0.907837872,-0.125280622,-0.026632126,-1.068890465,-1.41688126,-1.375098838,-1.752185267,-0.472236622,-1.125118677,-1.891660714,-0.323821916,0,-1.066516013,-1.733538369
-0.835798176,-0.223791814,-0.163668886,-0.286576798,-1.934868429,-0.502918458,-0.195086609,-1.138781128,-1.812682305,-1.497130731,-1.208162247,-1.885764356,-1.903150881,-1.211269401,-0.118376729,-1.960991094,-1.101396806,-1.830240243,-1.213568067,-1.34070967,-1.089573182,-0.044822702,-1.310004167,-1.072556676,-1.491408687,-1.893881345,-1.040487799,-0.105707039,-0.147905674,-0.693085687,-0.151274506,-1.667042613,-0.527830439,-1.329871199,-1.463035774,-1.719752005,-1.180908721,-0.065374663,-1.786140753,-0.649462307,-0.371241524,-0.361944435,-0.226723499,-1.20504241,-0.038537543,-1.725201933,-0.827842376,-1.996834675,-1.718433964,-0.47671131,-0.021505139,-1.666921612,-1.029338807,-1.121499365,-1.033569275,-1.35254349,-2.655800606,-2.079162641,-0.141008098,-0.305979614,-1.870411884,-1.475060172,-0.00430228,-1.779278555,-0.799603413,-1.404363668,-1.269996773,-1.498102174,-0.693572169,-1.804290247,-0.470847282,-1.375401026,-2.174682766,-0.447874175,-0.957499778,-0.466564003,-1.686512024,-0.786252275,-1.120805008,-1.669214904,-0.924198944,-0.02556433,0.108075214,-1.194478892,-1.601005508,-1.358095936,-1.64128207,-0.68470605,-1.10234778,-1.876695201,-0.254617733,0,-0.994038679,-1.897372531
-0.85010686,-0.235518977,-0.087222436,-0.275856374,-1.918427617,-0.483030008,-0.121867887,-1.085986184,-1.779139644,-1.487157324,-1.094950391,-1.85324155,-1.960694958,-1.204722451,-0.087622117,-1.960481364,-1.05877118,-1.900798421,-1.226856663,-1.280748414,-1.111559377,0.027334459,-1.362028624,-1.145527944,-1.415420501,-1.900823922,-1.108567895,-0.033038077,-0.088603422,-0.742419307,-0.079743538,-1.752116885,-0.484647684,-1.372344212,-1.635072226,-1.804185329,-1.177201797,0.049403248,-1.767757339,-0.878385616,-0.320422542,-0.310783773,-0.148525576,-1.153592482,0.023265515,-1.720145793,-0.751083298,-1.926997246,-1.689048092,-0.467793656,0.04921449,-1.832025863,-0.99928998,-1.037106256,-1.022558884,-1.334093746,-2.690509494,-2.094058455,-0.078909763,-0.2108794,-1.83588439,-1.524962322,0.050420888,-1.796839633,-0.828807214,-1.360756582,-1.275731263,-1.483507462,-0.620283876,-1.796328572,-0.517819688,-1.329275034,-2.07862317,-0.424559337,-0.874926255,-0.385967912,-1.695680351,-0.751623493,-1.105723374,-1.619423424,-0.909293681,0.03643346,0.181577167,-1.298992872,-1.778305635,-1.31826571,-1.604988884,-0.711248602,-1.071102842,-1.708059888,-0.183987725,0,-0.920104209,-1.797700496
-0.943836005,-0.175893206,-0.085774127,-0.296560998,-1.917743369,-0.485319567,-0.116150942,-1.068065876,-1.805271028,-1.500995489,-1.009215168,-1.850818827,-2.018332024,-1.274912411,-0.051717999,-1.89875693,-1.026283369,-1.878148074,-1.232277292,-1.338694427,-1.143954708,0.021945381,-1.435125103,-1.213771668,-1.390694004,-1.930746172,-1.168735808,0.01260625,-0.082111119,-0.715749329,-0.07714753,-1.781421993,-0.450057989,-1.369148888,-1.593895358,-1.735957763,-1.238963417,0.057555035,-1.779628119,-0.957586157,-0.300731431,-0.259426741,-0.133625557,-1.119703007,0.075779278,-1.743771275,-0.654189573,-1.897277658,-1.701761592,-0.549387599,0.070975084,-1.876523327,-1.001458824,-1.014035489,-0.968649417,-1.298909164,-2.732526563,-2.060628845,-0.081695078,-0.192167096,-1.868855177,-1.590788214,0.053187141,-1.778900134,-0.930367014,-1.333538191,-1.286622303,-1.464808305,-0.580736965,-1.793597154,-0.55273661,-1.375422426,-1.915592831,-0.380664753,-0.886622514,-0.343847304,-1.711634591,-0.709655992,-1.077666329,-1.575807735,-0.870302852,0.059021764,0.183661758,-1.373010214,-1.844208377,-1.268334697,-1.604046056,-0.772891589,-1.09061505,-1.734451993,-0.126987338,0,-0.904463339,-1.622164483
-1.009692538,-0.107768273,-0.116755457,-0.297070051,-1.920654789,-0.469550941,-0.140879072,-1.043950643,-1.879468545,-1.527381811,-0.984434074,-1.890610248,-2.042439725,-1.362034709,-0.041069874,-1.956198492,-1.001036767,-1.866426708,-1.266089906,-1.346032116,-1.127187843,-0.018557132,-1.377674745,-1.225327774,-1.432793083,-1.953110516,-1.174175317,0.020704561,-0.109882981,-0.717869312,-0.109472195,-1.816316258,-0.464336325,-1.378967197,-1.656226337,-1.753363518,-1.315441343,-0.008108734,-1.81811481,-1.007575337,-0.310742896,-0.2967724,-0.144531661,-1.09044691,0.043513449,-1.790839974,-0.594318204,-1.911316982,-1.862692148,-0.574322824,0.066154393,-1.919274006,-1.00061709,-1.036082118,-0.918195554,-1.324808817,-2.651562439,-2.093892342,-0.118530532,-0.234766274,-1.929997968,-1.682825396,0.026246739,-1.803046388,-0.966758787,-1.384888095,-1.278360855,-1.452229117,-0.576808972,-1.831721267,-0.565926373,-1.419772602,-2.008158371,-0.342216929,-0.912734179,-0.33037076,-1.744922858,-0.68724876,-1.077556192,-1.433710512,-1.235585568,0.050272071,0.136642191,-1.445849739,-1.946315122,-1.235171587,-1.65345434,-0.822293264,-1.055892298,-1.867855291,-0.148455334,0,-0.923799525,-1.632106214
-0.992307251,-0.116953039,-0.042111597,-0.310134351,-1.908509075,-0.487612716,-0.064315567,-0.902722206,-1.796349023,-1.541902849,-0.927060838,-1.847182323,-2.063386481,-1.345840516,-0.045230164,-1.903439796,-0.983115891,-1.87592111,-1.211598551,-1.308794792,-1.120873156,0.051423464,-1.381574421,-1.214335977,-1.262498484,-1.962149529,-1.144387543,0.074586655,-0.038430188,-0.59607223,-0.029808695,-1.796984925,-0.395911086,-1.451172186,-1.653245449,-1.727789632,-1.38952943,0.026385015,-1.811458953,-1.028514569,-0.231092709,-0.256563266,-0.059589334,-1.094935762,0.03345249,-1.809871447,-0.557989418,-1.857676029,-2.137746728,-0.544286713,0.146406337,-1.858568058,-0.977956494,-0.973369213,-0.873458922,-1.292035804,-2.655980124,-2.111198252,-0.049997487,-0.242643943,-1.755351187,-1.624211133,0.072719841,-1.838276298,-0.958872282,-1.45751772,-1.222296451,-1.464118899,-0.481410042,-1.836127723,-0.511921208,-1.386630362,-2.201540273,-0.304041707,-0.878382943,-0.238158164,-1.708969005,-0.650123356,-1.048418792,-1.263640062,-1.404604873,0.107440914,0.219225175,-1.381717828,-1.99308344,-1.189184363,-1.604903858,-0.775965459,-0.935198583,-1.989460772,-0.097260415,0,-0.903501899,-1.747349623
-1.143500035,-0.110832822,-0.035901351,-0.334438868,-1.933988179,-0.494857352,-0.063280865,-0.882451989,-1.811991575,-1.518586226,-0.930610517,-1.861627767,-2.066928494,-1.38406331,-0.046973182,-1.894076164,-0.940660711,-1.863731299,-1.21263376,-1.340657723,-1.039719515,0.045185855,-1.256087195,-1.18503145,-1.272601507,-1.944914294,-1.140038127,0.019919318,-0.050387624,-0.658051581,-0.017929728,-1.766457728,-0.378256178,-1.381283805,-1.715745824,-1.694762757,-1.434775575,0.041822359,-1.90370101,-1.237157,-0.237535967,-0.232123108,-0.044797176,-1.155273325,0.0824062,-1.853853071,-0.50344104,-1.800922097,-2.132412298,-0.519008831,0.166882827,-1.961816182,-0.950591566,-0.954150826,-0.811536722,-1.278276553,-2.679812271,-2.096771887,-0.049256569,-0.298931812,-1.8059644,-1.601477578,0.069958581,-1.803444054,-0.934949295,-1.409101464,-1.162161072,-1.471778557,-0.434102052,-1.979195117,-0.48657887,-1.415252845,-2.13550412,-0.224921597,-0.867211966,-0.215750023,-1.67306415,-0.650777218,-1.032343044,-1.161544784,-1.354059428,0.116377565,0.210725153,-1.379633209,-1.946528207,-1.143057704,-1.632717173,-0.767364571,-0.950175421,-2.124397833,-0.087491943,0,-0.833192766,-1.754408536
-1.151184952,-0.135090197,-0.009305063,-0.362745107,-1.950363767,-0.528894799,-0.036450921,-0.843469967,-1.912923687,-1.522485454,-0.939981195,-1.861452603,-2.129659985,-1.407197976,-0.083967424,-1.930116046,-0.882198092,-1.841130906,-1.169486321,-1.339378876,-0.993871173,0.065688033,-1.21133215,-1.185610786,-1.262555516,-2.089655834,-1.115679948,-0.056482414,-0.028321808,-0.673526289,0.017074079,-1.808514334,-0.356854097,-1.366158226,-1.704937766,-1.909282769,-1.439035503,0.028199828,-1.903334235,-1.377098934,-0.208860921,-0.217042259,-0.038857255,-1.243135344,0.099893815,-1.882779401,-0.495246103,-1.754705875,-2.368190602,-0.522978745,0.192217203,-1.936377729,-0.900872973,-0.926125003,-0.774446885,-1.285463736,-2.638157246,-2.189539749,-0.026687044,-0.333528877,-1.825204372,-1.6894592,0.079482929,-1.803678939,-0.907061843,-1.380532627,-1.181545985,-1.433813528,-0.371309851,-1.98194093,-0.505737003,-1.416451691,-2.206277261,-0.197355944,-0.858738877,-0.198003758,-1.664367497,-0.632820388,-1.015113767,-1.985198171,-1.42088613,0.110728551,0.204582142,-1.401962829,-2.008588785,-1.113477516,-1.640057725,-0.778667852,-0.953999203,-2.223381747,-0.093676316,0,-0.79412965,-1.809575675
-1.159923786,-0.173432437,-0.039710815,-0.39079509,-1.955379837,-0.523455796,-0.073402949,-0.834520509,-1.820843363,-1.540514016,-0.967313229,-1.909306196,-2.193600475,-1.308817844,-0.116327395,-2.06551986,-0.874737096,-1.844604648,-1.138003388,-1.406558076,-0.972063884,0.019482369,-1.184196706,-1.190649827,-1.268052723,-2.195411225,-1.104770652,-0.175664785,-0.071528329,-0.807563723,-0.014469434,-1.86674701,-0.404278711,-1.355299491,-1.637672497,-2.01368796,-1.468949358,-0.04885482,-1.942106395,-1.393335482,-0.25534794,-0.242651779,-0.148653912,-1.076559389,0.139052739,-2.066286085,-0.472741356,-1.774827212,-2.545134714,-0.592352987,0.181388986,-1.927130399,-0.875898143,-0.942275648,-0.634748051,-1.335951181,-2.542347633,-2.185622384,-0.057361739,-0.304311057,-1.90017539,-1.679540029,0.02519975,-1.805786272,-0.893996621,-1.357259048,-1.203173412,-1.44883922,-0.442089806,-2.024479996,-0.549199962,-1.467677191,-2.168607341,-0.159178057,-0.882151354,-0.296241999,-1.657974198,-0.617686336,-1.020020874,-1.907204891,-1.414874027,-0.033555213,0.172302256,-1.416326662,-2.072279481,-1.072926199,-1.790849522,-0.86405109,-0.923244749,-2.202688614,-0.156836276,0,-0.746540263,-1.82393546
-1.259749015,-0.184015587,-0.033367568,-0.397657609,-1.976899006,-0.527512666,-0.058430207,-0.853682764,-2.011372278,-1.551745576,-0.990181101,-2.168668477,-2.223375627,-1.601754375,-0.141420678,-2.189659649,-0.83914955,-1.767088336,-1.07786665,-1.620965902,-0.964476513,0.034658188,-1.164556119,-1.141113317,-1.269755258,-2.336324009,-1.079030329,-0.134874514,-0.071398341,-0.858963001,-0.009804833,-1.93778219,-0.397417251,-1.33064272,-1.584100506,-1.980681232,-1.527941591,-0.061850814,-1.903038627,-1.364072,-0.240921932,-0.219408636,-0.155995804,-1.100982112,0.158938469,-2.005407133,-0.425976242,-1.779959765,-2.648567014,-0.652512134,0.200394117,-2.023855624,-0.862374665,-0.931802291,-0.645220315,-1.31253554,-2.422495318,-2.171500783,-0.050647088,-0.258266827,-2.132450565,-1.560216905,0.024702816,-1.835365821,-0.895985555,-1.350341746,-1.199128928,-1.408398928,-0.443385173,-2.393424227,-0.575553725,-1.66559229,-2.117420319,-0.10890323,-0.892421366,-0.314799103,-1.629116012,-0.59560229,-1.037536429,-1.780170208,-1.290258186,-0.0260313,0.191995334,-1.580853037,-2.085066751,-1.043988776,-1.912115911,-0.862447555,-1.092033036,-2.145115668,-0.147729235,0,-0.703775299,-1.80739666
-1.291448505,-0.147090377,0.024069173,-0.399051442,-1.949770082,-0.530786443,-0.004214081,-0.85447598,-1.902863547,-1.525084868,-0.971371993,-2.09633206,-2.230816258,-1.542680129,-0.142200939,-2.135746677,-0.750651317,-1.672695755,-1.047562648,-1.570343736,-0.947103481,0.090662389,-1.132620209,-1.132790121,-1.206907064,-2.322076855,-1.062071174,-0.038257284,-0.028162288,-0.812342136,0.042744464,-1.888735177,-0.345161446,-1.304025701,-1.540252279,-1.890897447,-1.493985248,-0.032314072,-1.885304115,-1.257446663,-0.175383287,-0.180899033,-0.142517804,-1.039246632,0.187655071,-1.930674402,-0.358590838,-1.743396237,-2.658958931,-0.725641745,0.250101761,-2.015676885,-0.813786379,-0.89568701,-0.83187593,-1.294597249,-2.366612533,-2.162595477,0.008502826,-0.217184068,-2.087379505,-1.342949383,0.084779183,-1.799247821,-0.910599311,-1.455902094,-1.163640931,-1.370568652,-0.386548309,-2.100840917,-0.577572617,-1.592736787,-2.153746612,-0.061285515,-0.866197927,-0.268198394,-1.602345342,-0.590426347,-1.015613758,-1.773164527,-1.255874572,0.023454575,0.24221381,-1.556708762,-2.047937047,-1.00310891,-1.822180675,-0.847629269,-1.002131522,-2.013204673,-0.092837396,0,-0.678514055,-1.815889386
-1.267263953,-0.1338011,-0.002305071,-0.403471141,-1.88851095,-0.522685066,-0.037485884,-0.870040904,-1.896198179,-1.510113336,-0.990365606,-2.090106614,-2.310708723,-1.564333692,-0.14833573,-2.127894446,-0.746132091,-1.625752686,-1.053063066,-1.521425034,-0.972303322,0.075414637,-1.119348093,-1.145767503,-1.26016479,-2.307492751,-1.049746321,-0.06531256,-0.04738132,-0.78215783,0.007444947,-1.887225372,-0.338378849,-1.304165191,-1.505338624,-1.903585406,-1.535847427,-0.035510483,-1.875052776,-1.185582204,-0.15784138,-0.173090772,-0.113387598,-1.011397514,0.116078609,-1.836972213,-0.349451754,-1.791879351,-2.61737017,-0.714341923,0.226159012,-1.939508562,-0.788695037,-0.879842711,-0.802842819,-1.276426332,-2.327373367,-2.178992722,-0.014153635,-0.202624298,-2.101877833,-1.252922493,0.095311012,-1.812575809,-0.925046201,-1.444361887,-1.159115736,-1.351463371,-0.390824806,-2.163119331,-0.56421115,-1.606389212,-2.140948191,-0.057807854,-0.913774819,-0.26958274,-1.596694338,-0.587426414,-1.014192854,-1.988354298,-1.188683008,0.041846763,0.205425051,-1.504682736,-1.982924346,-0.993795422,-1.808744933,-0.834674224,-0.998134694,-2.022637271,-0.089149867,0,-0.673321949,-1.870174998
-1.284370442,-0.123977579,-0.071146342,-0.187782301,-1.900800061,-0.52041298,-0.102928517,-0.894491638,-1.947344584,-1.509204413,-1.006361809,-2.146315021,-2.282285103,-1.609046627,-0.157271601,-2.181112711,-0.735090268,-1.60468295,-1.041374458,-1.590393454,-0.969677504,0.018602745,-1.107499613,-1.126823261,-1.259005808,-2.340078308,-1.083119387,-0.105192676,-0.113449135,-0.843089522,-0.066961592,-1.921128481,-0.369740792,-1.28052563,-1.501253182,-1.872597259,-1.527513438,-0.051843963,-1.879804655,-1.236894646,-0.144578709,-0.188828538,-0.158705987,-0.98084835,0.054169443,-1.832724621,-0.404377896,-1.793648718,-2.403780455,-0.70099959,0.171027113,-2.037677097,-0.825065724,-0.930045686,-0.74820902,-1.346407388,-2.466770866,-2.172309154,-0.07122671,-0.255349728,-2.158800127,-1.250982617,0.066078721,-1.852565315,-0.920764004,-1.499837536,-1.182152415,-1.385774853,-0.434206682,-2.114819623,-0.577423442,-1.673325884,-2.212165068,-0.07653999,-0.925871227,-0.329520458,-1.584978116,-0.564174987,-1.01440916,-1.908014738,-1.186927468,-0.016125129,0.121184168,-1.515313846,-1.939973524,-1.106385569,-1.834116953,-0.858976738,-1.006571659,-2.040511824,-0.070163143,0,-0.629307334,-1.824567123
-1.309676329,-0.184567558,-0.079438068,-0.180817456,-1.91239549,-0.487798806,-0.112803995,-0.901717683,-1.945017925,-1.50568659,-1.055186143,-2.117925416,-2.346059533,-1.619355967,-0.193856491,-2.161844158,-0.778819902,-1.598241778,-1.102355695,-1.694593326,-0.962587622,0.006748106,-1.098822447,-1.156055674,-1.321011666,-2.413054379,-1.208868653,-0.10145577,-0.119137999,-0.947699828,-0.080595359,-1.914745262,-0.387147415,-1.272096616,-1.53966546,-1.851968798,-1.512622733,-0.024801399,-1.901150124,-1.276609115,-0.131069617,-0.213244622,-0.16792598,-0.98377507,-0.005720607,-1.832000087,-0.598463409,-1.846720603,-2.382240494,-0.778509906,0.159610014,-2.056233521,-0.996908728,-0.955289129,-0.747027789,-1.296875833,-2.35490554,-2.205091764,-0.071200686,-0.348132243,-2.13005366,-1.244334678,0.025038539,-1.885641378,-0.913217137,-1.648872711,-1.242219797,-1.516581019,-0.430252346,-2.116305576,-0.661103032,-1.66997859,-2.33732934,-0.177544637,-0.993300651,-0.329222527,-1.586661685,-0.578810393,-1.001688512,-1.952965328,-1.135334469,-0.030911789,0.113646456,-1.525063045,-1.932322357,-1.251520003,-1.840720846,-0.856700758,-0.869851094,-2.050949075,-0.065188922,0,-0.625566463,-1.93970998
-1.333115753,-0.221776594,-0.103707687,-0.157951639,-1.931109028,-0.489805976,-0.135703104,-0.906216229,-1.804252029,-1.546010448,-1.027181268,-2.069831643,-2.421560934,-1.642122996,-0.189410984,-2.254102342,-0.840782391,-1.596853027,-1.188526712,-1.645589856,-0.975273347,-0.013736085,-1.117769106,-1.338597992,-1.3561786,-2.454203417,-1.166626614,-0.119940361,-0.145695834,-0.963037186,-0.110933421,-1.933277648,-0.415807833,-1.328628844,-1.575858229,-1.833861977,-1.542246846,-0.027714033,-1.893611446,-1.291075186,-0.117428106,-0.24261008,-0.195490226,-1.003604684,0.02558905,-1.904173451,-0.509748646,-1.877427643,-2.338351161,-0.685980134,0.168469972,-2.10353482,-0.989210291,-0.964480119,-0.72159497,-1.326589053,-2.262881186,-2.218924376,-0.086646262,-0.352690873,-2.183993587,-1.844172133,0.023008675,-1.914058115,-0.922950815,-1.722828139,-1.292929532,-1.487569667,-0.441961964,-2.107750755,-0.651675845,-1.69568302,-2.363143961,-0.199623176,-1.023738712,-0.341542439,-1.614476647,-0.580370423,-1.003034483,-2.00745309,-1.262957343,-0.047477216,0.082078503,-1.53875962,-1.946631626,-1.23082294,-1.877720223,-0.827821997,-0.929719761,-2.126934361,-0.079192214,0,-0.673828569,-1.989217736
-1.309753296,-0.220407999,-0.168878209,-0.164945527,-1.944209653,-0.49729797,-0.196673997,-0.886307566,-1.8586988,-1.570224071,-1.035000354,-2.162669,-2.420371426,-1.715065739,-0.175177335,-2.33465171,-0.852442133,-1.57828324,-1.154261638,-1.547444393,-0.983574347,-0.07251106,-1.106053563,-1.417532179,-1.333238132,-2.470495326,-1.255805214,-0.173838944,-0.209698682,-0.959166214,-0.185612719,-2.156492208,-0.478452383,-1.339031407,-1.587648803,-1.649108535,-1.526999887,-0.053809094,-1.91480806,-1.337022827,-0.139738857,-0.225193512,-0.256257522,-1.022785472,0.032681428,-1.945556182,-0.471880124,-1.912931031,-2.08043578,-0.68960673,0.126903482,-2.104709948,-0.948800626,-0.960165594,-0.680490104,-1.386386473,-2.269005011,-2.210575972,-0.141723488,-0.425415563,-2.274982966,-1.809720327,0.021550826,-1.751070991,-0.947586431,-1.754574468,-1.322635674,-1.529558304,-0.498572408,-2.153558988,-0.616016278,-1.768124109,-2.41814493,-0.182724966,-1.049497393,-0.391482226,-1.620868863,-0.592904782,-0.985067904,-1.982592323,-1.263940707,-0.088607964,0.029293875,-1.495344147,-1.958938064,-1.258344125,-1.936299038,-0.773446728,-0.928997552,-2.148932258,-0.108771405,0,-0.719376534,-1.999132465
-1.290051185,-0.275395217,-0.179560793,-0.167778714,-1.956932023,-0.508690444,-0.20775497,-0.896903633,-1.863606646,-1.600875607,-1.076214586,-2.154053815,-2.437486864,-1.720357575,-0.192787319,-2.267954085,-0.906010536,-1.547292603,-1.177949134,-1.635551724,-0.974094894,-0.081898809,-1.099467398,-1.314398684,-1.399164415,-2.493265725,-1.276597019,-0.172387147,-0.218563722,-0.984920498,-0.196334317,-2.14953068,-0.471156898,-1.379334249,-1.597889607,-1.69824616,-1.520960147,-0.108907864,-1.916641345,-1.290340455,-0.118250882,-0.249425092,-0.257993214,-1.025424723,-0.033130805,-1.958723451,-0.50676411,-1.953856891,-2.087095467,-0.759156787,0.115438114,-2.057269272,-0.974147341,-0.977750849,-0.666180414,-1.393570831,-2.421238167,-2.188281895,-0.140070747,-0.427288449,-2.261146353,-1.8040348,0.016841361,-1.784335496,-0.958654068,-1.836831897,-1.357528843,-1.573628792,-0.500292898,-2.19113118,-0.648740487,-1.753631611,-2.224795524,-0.233312733,-1.112268032,-0.38312165,-1.649420969,-0.570917374,-0.960592374,-1.896402801,-1.336335974,-0.13443493,0.028353108,-1.487063301,-1.974031194,-1.293312059,-1.96031594,-0.750698931,-1.078341301,-2.197125935,-0.124060841,0,-0.768284238,-1.965830525
-1.290795336,-0.272222326,-0.156059947,-0.155037168,-1.969137052,-0.513110311,-0.181710244,-0.894533167,-1.828186904,-1.631247722,-1.098345501,-2.122248742,-2.485848497,-1.687512577,-0.194938266,-2.225750617,-0.928752478,-1.519621404,-1.195733927,-1.620301534,-0.975377782,-0.058244528,-1.090429737,-1.26381897,-1.445271317,-2.536549317,-1.245892228,-0.148430175,-0.194361212,-0.980240776,-0.178404381,-2.106932667,-0.428155928,-1.353675098,-1.599740685,-1.724552132,-1.530763075,-0.069089267,-1.90872803,-1.29861595,-0.065137871,-0.300202577,-0.229969559,-1.013450747,-0.063608716,-1.976513394,-0.460334173,-1.990514942,-2.098484492,-1.001209662,0.144565058,-2.087095571,-0.958882408,-0.96983693,-0.674880454,-1.378227588,-2.415948045,-2.201612086,-0.112249655,-0.352534924,-2.230767185,-1.714335244,0.055429859,-1.801759,-0.960296935,-1.873013996,-1.445820131,-1.563905843,-0.467934529,-2.209018437,-0.656464186,-1.742051027,-2.198629136,-0.234191226,-1.147041248,-0.346591896,-1.642590017,-0.562786043,-0.946352683,-1.85593123,-1.236098562,-0.104098295,0.048209292,-1.499049855,-1.97761428,-1.259366606,-1.920465296,-0.754149665,-1.018565405,-2.196177711,-0.101512573,0,-0.965371644,-1.97867707
-1.236215674,-0.221409944,-0.087367961,-0.178108276,-1.952333214,-0.517375242,-0.109986174,-0.903019423,-1.752380771,-1.645952632,-0.982465017,-2.035605857,-2.538189703,-1.606809627,-0.144675411,-2.121910179,-0.913150018,-1.486359697,-1.233787405,-1.586577258,-0.981223777,0.010522296,-1.216370051,-1.229506759,-1.279354818,-2.525123416,-1.168311793,-0.078929323,-0.124789234,-0.922157146,-0.114899399,-2.042791886,-0.328887495,-1.356470852,-1.60659889,-1.836402247,-1.538515914,-0.000149642,-1.861015277,-1.242474977,0.018443961,-0.303632654,-0.156742266,-1.045382103,-0.047646254,-1.951666581,-0.429977291,-1.832361209,-2.211868383,-0.92081947,0.221004316,-2.040750028,-0.947688887,-0.910009192,-0.722941295,-1.30956487,-2.24806141,-2.204698488,-0.043202573,-0.255774586,-2.176384085,-1.700624886,0.104648457,-1.768228333,-0.962607402,-1.832614799,-1.439104748,-1.575554989,-0.397894339,-2.199313601,-0.626990341,-1.672025989,-2.188296948,-0.221185693,-0.98416405,-0.263833165,-1.606076722,-0.5913209,-0.943188458,-1.813297227,-1.193497083,-0.024527902,0.096671237,-1.503266431,-1.973841057,-1.225266372,-1.855191672,-0.674675891,-0.923951816,-2.19735243,-0.059393427,0,-1.035515136,-1.941076756
-1.169031906,-0.131324283,-0.053492979,-0.198897042,-1.949111941,-0.512218799,-0.071028718,-0.910817715,-1.726010592,-1.641777732,-0.937506606,-2.012453939,-2.511359645,-1.57118201,-0.113271868,-1.95757151,-0.829031576,-1.441798956,-1.171460787,-1.501661333,-0.979307315,0.047168653,-1.2279706,-1.205357496,-1.205560908,-2.491533162,-1.125597155,-0.043220582,-0.091512372,-0.881362914,-0.087553443,-2.012482191,-0.278059208,-1.351090024,-1.605024523,-1.788343752,-1.540760112,0.054789134,-1.825132302,-1.180776843,0.058618984,-0.307431214,-0.124609674,-1.038410631,-0.037205401,-1.955169881,-0.403010498,-1.738904649,-2.162095243,-0.855198244,0.263523746,-2.177117375,-0.928044746,-0.88315161,-0.723672261,-1.282374851,-2.271640349,-2.17366257,-0.013617783,-0.215213052,-2.171183727,-1.623554728,0.141299969,-1.731211218,-0.95490268,-1.825183439,-1.370721739,-1.570068732,-0.363574885,-2.188536017,-0.581573382,-1.646399898,-2.207977144,-0.179356406,-0.898723879,-0.224071175,-1.595030642,-0.583669804,-0.93167799,-1.752852765,-1.156988623,0.011271021,0.117272703,-1.478239404,-1.969661801,-1.197595893,-1.861871573,-0.631098545,-0.839946299,-2.154307327,-0.014367334,0,-1.004432032,-1.875278725
-1.1330396,-0.107104633,-0.060140344,-0.193176189,-1.951783949,-0.493184156,-0.078706673,-0.92563902,-1.738385286,-1.63678737,-0.925311477,-1.998319721,-2.465150091,-1.591837342,-0.083762582,-1.822110162,-0.766115941,-1.400784449,-1.10703391,-1.386849103,-0.977827392,0.043749303,-1.053179715,-1.178526234,-1.172648299,-2.440340595,-1.112363685,-0.052993988,-0.103487061,-0.827039928,-0.106595165,-1.965603655,-0.291327036,-1.329015918,-1.608925174,-1.757313337,-1.534138812,0.109639991,-1.793098025,-1.135921957,0.062330475,-0.317843048,-0.138771938,-1.021379459,-0.067029038,-1.926352627,-0.356811216,-1.714854086,-2.181461219,-0.735752467,0.263752445,-2.15080243,-0.901407191,-0.915988187,-0.705044174,-1.294891138,-2.244700584,-2.154274418,-0.021474344,-0.201389305,-2.144479647,-1.547617601,0.181711488,-1.724153732,-0.949789242,-1.770340789,-1.352298849,-1.549399658,-0.37097043,-2.132745244,-0.515534886,-1.643286988,-2.187868998,-0.168108063,-0.874318739,-0.222585756,-1.551065787,-0.576069249,-0.930663947,-1.668920309,-1.10382411,-0.006808513,0.105398688,-1.453517052,-1.963264851,-1.185842973,-1.893313064,-0.577457405,-0.777234958,-2.125362368,-0.020337477,0,-0.925880292,-1.787067228
-1.099599487,-0.102169491,-0.05633265,-0.205757261,-1.963708308,-0.472609567,-0.077831365,-0.926278017,-1.74280569,-1.586393764,-0.954390387,-2.005358477,-2.444769426,-1.594465919,-0.058101323,-1.810281762,-0.691628271,-1.343541797,-1.087808815,-1.339905663,-0.950569382,0.050629145,-1.054934603,-1.15218026,-1.180740191,-2.382861335,-1.123571704,-0.050464234,-0.103661337,-0.828424605,-0.105048862,-1.709349768,-0.27076397,-1.31320894,-1.168935318,-1.749483751,-1.516509983,0.094014839,-1.761417825,-1.0931721,0.06943337,-0.313520547,-0.140169623,-1.018650056,-0.109399133,-1.820874169,-0.328270632,-1.706263135,-2.1552675,-0.662986192,0.292432643,-2.146398382,-0.877632858,-0.910031541,-0.685810656,-1.27941957,-2.186194342,-2.132809418,-0.01334422,-0.239827576,-2.145635512,-1.447549108,0.206174639,-1.70702027,-0.934368424,-1.570264908,-1.280634177,-1.503566801,-0.368069918,-2.11157264,-0.493914069,-1.649160059,-2.159752074,-0.137088472,-0.877460858,-0.212448338,-1.512336562,-0.527366134,-0.904040747,-1.593755054,-0.963931638,0.002726652,0.105333578,-1.425820542,-1.991093657,-1.141361166,-1.913294513,-0.540413976,-0.76230262,-2.125560042,-0.017118048,0,-0.891657723,-1.638006883
-1.059205474,-0.068365231,-0.010380603,-0.209116478,-1.939491116,-0.445522744,-0.035103874,-0.924456642,-1.706427658,-1.551028789,-0.951531898,-1.968414686,-2.449444431,-1.564091774,-0.031775913,-1.774977835,-0.662295301,-1.251304509,-1.003898481,-1.335359629,-0.899575076,0.085364306,-1.011813603,-1.137912178,-1.17647591,-2.300854985,-1.102701454,0.003834848,-0.063044743,-0.776605804,-0.062183883,-1.661666051,-0.221339333,-1.285365687,-1.124199252,-1.69064683,-1.488602575,0.160262653,-1.671933404,-0.997029264,0.106447583,-0.272885112,-0.10339157,-1.006059165,-0.128066951,-1.757317096,-0.299923365,-1.753259972,-2.104259226,-0.634104766,0.349613301,-2.050417788,-0.827753987,-0.863821912,-0.674014131,-1.242137992,-2.061975731,-2.094512705,0.032627677,-0.170079671,-2.096552551,-1.408367007,0.250282186,-1.676436497,-0.888896162,-1.542091189,-1.177324779,-1.440746156,-0.323550048,-2.050828223,-0.484244215,-1.598849963,-2.127718638,-0.085836884,-0.858086726,-0.168593093,-1.474552575,-0.515532943,-0.872876456,-1.505409351,-0.936438379,0.048278881,0.131145445,-1.390645873,-1.949672161,-1.086784826,-1.888090186,-0.487811864,-0.694421486,-2.077783683,0.020715145,0,-0.827427392,-1.627298384
-0.968865241,0.009998954,0.028965912,-0.223766562,-1.886925861,-0.441577522,-0.002390952,-0.933094653,-1.645392014,-1.459104652,-0.958351968,-1.892654872,-2.396978963,-1.517279606,-0.016956418,-1.714863572,-0.653063628,-1.14624859,-0.943275377,-1.23172906,-0.851191185,0.121991334,-0.98279095,-1.06131925,-1.206008622,-2.180051581,-1.092095257,0.04419397,-0.028204911,-0.698156426,-0.027282753,-1.614871083,-0.179485171,-1.238830517,-1.083074083,-1.649110968,-1.452505268,0.069074534,-1.689199275,-0.936330143,0.101467923,-0.206744938,-0.074168688,-0.982539406,-0.085653737,-1.724473675,-0.35696205,-1.739101946,-2.027266002,-0.542670009,0.394337698,-1.968007619,-0.765030599,-0.781650262,-0.661474649,-1.183918209,-1.870879879,-2.017336995,0.076159466,-0.191477443,-2.012262493,-1.338494317,0.302651752,-1.649933468,-0.829210447,-1.472840368,-1.046839405,-1.387437844,-0.289314772,-1.962478662,-0.408877244,-1.534223783,-2.08154513,-0.084215584,-0.89035818,-0.13600913,-1.383815495,-0.469098335,-0.864102727,-1.486179819,-0.865719634,0.063000866,0.183890049,-1.297644664,-1.85948793,-1.050101706,-1.8195759,-0.385096625,-0.651199003,-2.011229531,-0.010625843,0,-0.716577038,-1.542255587
-1.043380353,-0.042283684,0.008730741,-0.240594788,-1.829727206,-0.461317258,-0.023002627,-0.945371637,-1.647886204,-1.437069604,-0.980322467,-1.89294665,-2.363107182,-1.513769214,-0.062439007,-1.766397361,-0.665101297,-1.090444253,-0.954071253,-1.315208963,-0.8453735,0.090753335,-0.974738545,-1.063636323,-1.159329483,-2.101147083,-1.170828487,0.002628758,-0.053366357,-0.809033981,-0.05427669,-1.655192957,-0.199260389,-1.250349566,-1.04921994,-1.597691084,-1.427803575,-0.057932091,-1.633832979,-0.925509303,0.043217941,-0.221847664,-0.103040325,-1.025328592,-0.057850883,-1.653069622,-0.391866212,-1.736139431,-2.018041649,-0.693400956,0.365200175,-2.015495473,-0.818504975,-0.809495624,-0.744698761,-1.179999698,-1.797132834,-1.996620835,0.048098101,-0.223502262,-2.012630184,-1.398840501,0.231077216,-1.680305318,-0.792029567,-1.47552203,-1.08058885,-1.396680308,-0.309321735,-1.921865046,-0.495937058,-1.552016985,-2.086820349,-0.083646767,-0.864727407,-0.166451182,-1.361344476,-0.459733932,-0.860775248,-1.586148375,-0.817961198,-0.002288053,0.180825245,-1.279602496,-1.835858897,-1.055409442,-1.805866173,-0.537721707,-0.719026186,-1.770843746,-0.085689599,0,-0.683523834,-1.612842188
-0.991759533,0.030140755,-0.015881101,-0.254975171,-1.796759575,-0.469409296,-0.041814443,-0.954770452,-1.682986971,-1.403322157,-0.905927314,-1.889633984,-2.339445433,-1.546011098,-0.009840842,-1.734356031,-0.581081799,-1.029032143,-0.881400509,-1.215391939,-0.776078053,0.076649093,-0.945971225,-1.029404055,-1.081187712,-2.161475874,-1.146865741,-0.019586295,-0.077749844,-0.762830307,-0.068283093,-1.587075395,-0.260306793,-1.231854353,-1.025288153,-1.606151444,-1.414256226,-0.051232489,-1.556550946,-0.876952138,0.000115463,-0.192008043,-0.130356475,-1.002621244,-0.034183694,-1.648214538,-0.323866893,-1.64380057,-1.990714591,-0.622205597,0.357787909,-2.024921033,-0.738668678,-0.783978353,-0.694837377,-1.200254398,-1.685773356,-1.916851515,0.020479231,-0.159758291,-2.013503294,-1.32913273,0.258198613,-1.682081165,-0.777289015,-1.413106398,-1.012620206,-1.344315478,-0.334508002,-1.913217765,-0.432807967,-1.577643552,-2.084442075,-0.012809381,-0.780777291,-0.202326686,-1.234233403,-0.4715141,-0.86813815,-1.554542644,-0.784025531,0.036112685,0.19675073,-1.248021051,-1.823300726,-0.988434,-1.82841337,-0.490869502,-0.660853775,-1.770772943,-0.089405026,0,-0.589741417,-1.519960133
-0.923236052,0.097098638,0.011777465,-0.273928185,-1.766978226,-0.471037979,-0.023667564,-0.957655642,-1.658381327,-1.336875087,-0.849461695,-1.837642576,-2.325800919,-1.524052183,0.018326246,-1.704700429,-0.534068204,-0.950240443,-0.83072532,-1.166144072,-0.738717456,0.091119899,-0.931690935,-0.984909246,-1.059960613,-2.157961786,-1.080374097,0.009293854,-0.057608116,-0.687811671,-0.030171006,-1.5231449,-0.293277117,-1.190604036,-1.004060622,-1.583318526,-1.386950795,-0.020891496,-1.538293543,-0.785645098,0.018291708,-0.163556348,-0.112397265,-0.978562603,-0.011478312,-1.658420375,-0.299910598,-1.597157741,-1.940989282,-0.808332277,0.376095686,-1.986134047,-0.690543686,-0.735894496,-0.667463733,-1.18070605,-1.61873718,-1.801242392,0.034699398,-0.115341252,-1.994018964,-1.300755943,0.305731401,-1.634693914,-0.726255959,-1.337092922,-0.937894336,-1.313722032,-0.333731083,-1.886003971,-0.348489396,-1.55855127,-2.052696249,0.031977213,-0.758178325,-0.198786325,-1.187921315,-0.454721902,-0.882209907,-1.556082705,-0.795950738,0.084044742,0.256994323,-1.226598777,-1.813653981,-0.967418976,-1.794566105,-0.446439388,-0.646434092,-1.776767506,-0.075161164,0,-0.524159559,-1.483520235
-0.929147674,0.118808026,-0.027876391,-0.266116712,-1.771436396,-0.490523457,-0.064177641,-0.963264932,-1.667871881,-1.3055408,-0.9084952,-1.848519032,-2.337246448,-1.557733512,0.007367116,-1.727599208,-0.526740922,-0.914818364,-0.805885552,-1.139720866,-0.715431946,0.053012556,-0.932481604,-0.960905808,-1.071084152,-2.052811475,-1.074733235,-0.035607276,-0.10278535,-0.743456421,-0.072171468,-1.527632667,-0.37349724,-1.188502019,-0.976895847,-1.58188402,-1.390463316,-0.051483248,-1.557644446,-0.793606075,-0.024501177,-0.193633923,-0.169492173,-0.984609715,-0.022717227,-1.60368314,-0.308354823,-1.632902161,-1.905006059,-0.51649363,0.337280239,-2.011618825,-0.688831299,-0.746125541,-0.679060278,-1.213961933,-1.637359283,-1.814327916,-0.014620225,-0.11241818,-1.994000628,-1.278351051,0.295149509,-1.621866996,-0.682092506,-1.290446605,-0.964686509,-1.287398753,-0.401097498,-1.865309996,-0.332737399,-1.588806952,-1.967424989,0.030465905,-0.801771364,-0.262060611,-1.188908966,-0.476308461,-0.884614186,-1.684677402,-0.763690284,0.049512056,0.219471477,-1.433028243,-1.782466412,-0.954634482,-1.821239624,-0.432937133,-0.645520335,-1.812898155,-0.085837292,0,-0.507717178,-1.476241449
-0.946247603,0.106153757,-0.022346039,-0.296955971,-1.739138019,-0.498396164,-0.057765072,-0.959317667,-1.643296143,-1.27219745,-0.918963807,-1.845492478,-2.344617707,-1.534735703,-0.006320192,-1.736357454,-0.527806179,-0.881259555,-0.810449061,-1.157118354,-0.700953851,0.059068374,-0.937244235,-0.939311929,-1.113659512,-2.036722653,-1.066096052,-0.029587694,-0.098183244,-0.76147501,-0.062049664,-1.369227366,-0.389407415,-1.180736579,-0.981278299,-1.565560159,-1.412795033,-0.030347755,-1.56984445,-0.929613756,-0.015838945,-0.160102001,-0.176657805,-1.016343048,-0.115911601,-1.588740482,-0.293378817,-1.670197552,-1.871716484,-0.627611105,0.351561204,-2.006067112,-0.697115186,-0.737964131,-0.673870391,-1.199006735,-1.652086449,-1.819465693,-0.009959221,-0.094380534,-1.988714915,-1.253877192,0.287545657,-1.627364328,-0.650896889,-1.316253644,-0.920707327,-1.273146456,-0.392098545,-1.879791614,-0.348396424,-1.584127294,-1.878537474,0.028006044,-0.855975773,-0.264068236,-1.166062153,-0.46479194,-0.875289734,-1.650099929,-0.76740952,0.058612127,0.213415235,-1.730347831,-1.747772365,-0.946502086,-1.799538256,-0.428169828,-0.628002475,-1.813934958,-0.089867742,0,-0.468961909,-1.462727075
-0.952850971,0.053525527,-0.028543492,-0.292485939,-1.698014504,-0.512820644,-0.063657682,-0.962330204,-1.645326514,-1.262398045,-0.907446911,-1.857753444,-2.331444848,-1.530114986,-0.035522417,-1.735101797,-0.576176447,-0.859888874,-0.830671323,-1.183591558,-0.71184861,0.053461243,-0.927601766,-0.934091635,-1.148529749,-1.996487549,-1.018068361,-0.040955905,-0.108598784,-0.776365329,-0.061301867,-1.454303691,-0.407969425,-1.16531017,-1.002761524,-1.580000761,-1.40741657,-0.005751393,-1.549672348,-0.982521806,0.003507389,-0.160017676,-0.1917274,-1.044522594,-0.157575932,-1.569596153,-0.276589631,-1.676414215,-1.889222099,-0.769226952,0.349535897,-2.029154096,-0.699570491,-0.727132941,-0.682438173,-1.20739724,-1.634496319,-1.824862609,-0.019298938,-0.093636246,-1.993986273,-1.237479752,0.246987471,-1.627752826,-0.634287092,-1.304651969,-0.921283685,-1.275013532,-0.398294025,-1.882587592,-0.365037644,-1.59136006,-1.896212492,0.017397996,-0.899829303,-0.272736082,-1.153298292,-0.443399331,-0.88478743,-1.616246728,-0.779010004,0.035539578,0.205286942,-1.712874591,-1.736965792,-0.977658641,-1.799663884,-0.431568965,-0.657639049,-1.789719857,-0.066617851,0,-0.484323399,-1.506076628
-1.080265368,-0.002147368,-0.11079993,-0.283097128,-1.664009652,-0.524700868,-0.143309371,-0.970950947,-1.738458232,-1.282599428,-0.987562417,-1.955376977,-2.294743166,-1.610153792,-0.116752449,-1.867209251,-0.623685842,-0.852199253,-0.961787061,-1.366069311,-0.694353483,-0.029821884,-0.921192515,-0.977877274,-1.201896564,-1.9566251,-1.048169227,-0.124717972,-0.192072496,-0.905507019,-0.142304872,-1.522862229,-0.498889536,-1.154704642,-1.002718332,-1.608283892,-1.402606196,-0.032301346,-1.554736363,-1.057999032,0.037464477,-0.197394291,-0.275565048,-1.050526811,-0.212601735,-1.581059815,-0.297733037,-1.709359526,-1.911292227,-0.860343526,0.266914953,-2.097561132,-0.769427257,-0.778097806,-0.751938288,-1.259358205,-1.692553573,-1.810561052,-0.101106056,-0.169151288,-2.073935544,-1.328118552,0.117778354,-1.603331817,-0.620426584,-1.357881048,-0.988179602,-1.282796781,-0.471747965,-1.890595476,-0.445650016,-1.663416118,-1.991785701,-0.010750219,-0.963444223,-0.345330323,-1.155169773,-0.45450536,-0.887727899,-1.624201392,-0.806408828,-0.043990484,0.16709633,-1.822988564,-1.787791651,-0.999636723,-1.869609274,-0.488803532,-0.712819016,-1.819576861,-0.103312385,0,-0.526992102,-1.639603358
-1.11358945,-0.066708254,-0.108801396,-0.292784483,-1.544893507,-0.524448372,-0.141592544,-0.979645557,-1.74385737,-1.285900752,-0.958009178,-1.941637465,-2.380189811,-1.61083287,-0.138487624,-1.924878747,-0.625463503,-0.856788203,-0.991459349,-1.441200918,-0.689432165,-0.027270943,-0.908178839,-0.991095628,-1.241227119,-1.916402989,-1.03512476,-0.123359171,-0.196037234,-0.937461023,-0.140317787,-1.486127843,-0.511538207,-1.144494673,-0.993724474,-1.646646062,-1.404088179,0.027334771,-1.530890697,-1.024827384,0.032877098,-0.188740739,-0.274161124,-1.064035083,-0.169746552,-1.571270006,-0.298394734,-1.770978606,-1.906356212,-0.864878206,0.264002497,-2.097878028,-0.784711213,-0.766463425,-0.803421344,-1.269018576,-1.678683196,-1.820378691,-0.101845456,-0.162143288,-2.068584387,-1.433589517,0.085473923,-1.598003145,-0.607146036,-1.397117937,-1.004622077,-1.282362834,-0.464116692,-1.90236233,-0.46545608,-1.654130214,-2.052787614,-0.009860696,-1.006433858,-0.341117903,-1.151359899,-0.441339998,-0.879340173,-1.730497665,-1.008686279,-0.049260093,0.149651484,-1.942611454,-1.790511751,-0.997485205,-1.866005405,-0.557092884,-0.724763893,-1.887782808,-0.152344907,0,-0.53868337,-1.668089028
-1.116224164,-0.048449512,-0.104432195,-0.293807966,-1.521488007,-0.52736304,-0.135070257,-0.99876589,-1.740954654,-1.264602683,-0.954056756,-1.928495305,-2.392829029,-1.61025633,-0.12601586,-1.959031251,-0.60340138,-0.835154527,-0.970919853,-1.432614552,-0.697041878,-0.019978999,-0.90463544,-0.984133461,-1.197954418,-1.902097939,-1.015166798,-0.113846054,-0.191858057,-0.936890119,-0.130630968,-1.479725048,-0.511383071,-1.131725012,-0.986618909,-1.637663253,-1.399668528,0.076916095,-1.488671623,-1.020161401,0.065554624,-0.166479626,-0.269842533,-1.05840757,-0.191264896,-1.5562066,-0.280780418,-1.754061853,-1.931124123,-0.75808569,0.261677235,-2.078479814,-0.781359934,-0.745380838,-0.794004612,-1.263479414,-1.678989664,-1.768499085,-0.09316967,-0.147886846,-2.069055604,-1.492255342,0.101088703,-1.585231108,-0.599035006,-1.383382561,-0.992588137,-1.292288808,-0.448232512,-1.901641333,-0.460113568,-1.638965378,-2.09522316,0.006004756,-0.95217386,-0.330454623,-1.138191013,-0.435703348,-0.877568328,-1.774078982,-0.99423153,-0.049763889,0.134681403,-1.844806472,-1.791070221,-0.971808297,-1.87017623,-0.56939049,-0.751274484,-1.896148161,-0.172249897,0,-0.501829239,-1.605617982
-1.134176882,-0.042770386,-0.089199153,-0.303933959,-1.507734846,-0.537420848,-0.123619585,-1.022498882,-1.723560575,-1.260268782,-0.958875842,-1.909073778,-2.435122823,-1.598418326,-0.132905574,-1.943231892,-0.60151687,-0.804851967,-0.969364051,-1.366912776,-0.707893133,-0.01120046,-0.900512345,-1.000249907,-1.196342072,-1.920884529,-1.017292767,-0.101861752,-0.182071143,-0.914520944,-0.120032773,-1.462261852,-0.505003475,-1.148888993,-1.01575698,-1.627660895,-1.410197862,0.071153207,-1.505294021,-1.2151788,0.099352905,-0.173288298,-0.261369985,-1.052963485,-0.201374752,-1.534543526,-0.276365066,-1.735152447,-1.955603246,-0.727435077,0.266668422,-2.090993118,-0.756420571,-0.734642187,-0.795101071,-1.257566387,-1.690637558,-1.735692207,-0.076083639,-0.164952113,-2.04591767,-1.473194816,0.117268529,-1.59101022,-0.592388424,-1.388376665,-1.005333612,-1.296297894,-0.428501893,-1.914755376,-0.417347333,-1.629223917,-2.085013364,0.024316317,-0.951444673,-0.318140482,-1.161179535,-0.447764218,-0.87646009,-1.914307353,-0.972655194,-0.063618646,0.129803857,-1.754640244,-1.795715376,-0.947966289,-1.859428839,-0.587787898,-0.819865145,-1.901380938,-0.165202176,0,-0.520435258,-1.631873396
-1.160451958,-0.075805968,-0.117003264,-0.309055421,-1.489806829,-0.534254182,-0.147785344,-1.028800904,-1.748045303,-1.275932564,-0.991058444,-1.932768176,-2.480154278,-1.629444612,-0.150483291,-1.97045721,-0.651725222,-0.810356658,-1.007909519,-1.417069562,-0.713805883,-0.041364806,-0.904160099,-1.023907232,-1.231846583,-1.892048238,-1.043671926,-0.129656911,-0.209159602,-0.940119077,-0.14626638,-1.480515605,-0.534529778,-1.149311778,-1.005166121,-1.687684264,-1.418878963,0.018827726,-1.504771353,-1.301116173,0.091110989,-0.168666336,-0.289268418,-1.066347028,-0.21000705,-1.522076036,-0.312736328,-1.785501431,-1.993164956,-0.776238393,0.235465877,-2.107052797,-0.769982708,-0.759531162,-0.798085456,-1.272667762,-1.665727062,-1.742591571,-0.096596929,-0.18565214,-2.076342439,-1.448454663,0.066707292,-1.65905303,-0.599791651,-1.402627521,-1.052545361,-1.283315601,-0.448629961,-1.910045764,-0.447238118,-1.65141108,-2.111888802,0.003521424,-0.990321367,-0.34553945,-1.205613078,-0.450704396,-0.878027625,-1.942651973,-0.991130889,-0.101062737,0.108349319,-1.765935679,-1.794985396,-0.934116435,-1.888005263,-0.62225634,-0.852043797,-1.901147028,-0.186513253,0,-0.557705866,-1.71339924
-1.229184271,-0.093426898,-0.120002124,-0.419177194,-1.459290547,-0.577154278,-0.149478235,-1.093566472,-1.714650085,-1.32135811,-1.039315395,-1.89263723,-2.472214275,-1.621053015,-0.169461601,-1.999596243,-0.688987074,-0.790931165,-1.083384082,-1.504855195,-0.72270769,-0.024163592,-0.952935628,-1.071897407,-1.280324413,-1.845177167,-1.125670029,-0.116630743,-0.215266876,-0.983546635,-0.138551723,-1.470554593,-0.562389332,-1.144637226,-0.971809769,-1.700054013,-1.445256231,-0.037303025,-1.52603462,-1.369561601,0.126034056,-0.156597094,-0.304225874,-1.118374889,-0.205826101,-1.521366872,-0.30697751,-1.848841109,-2.012942296,-0.813918436,0.25950599,-2.143306675,-0.801249099,-0.853553416,-0.859152484,-1.29534153,-1.638397655,-1.751732349,-0.090969491,-0.187300871,-2.05640175,-1.491391221,0.026346617,-1.686993619,-0.684694582,-1.419856984,-1.079702991,-1.299876488,-0.461146701,-1.919625781,-0.498739577,-1.634421145,-2.11510095,-0.019687843,-1.048429079,-0.377217376,-1.223299489,-0.539904405,-0.888917697,-2.02418744,-1.127401007,-0.085382891,0.125653489,-2.078315069,-1.76529472,-0.963115652,-1.86555526,-0.671420906,-0.871878113,-1.880564444,-0.203918704,0,-0.613786287,-1.826842892
-1.186894742,-0.074447749,-0.171169778,-0.382170333,-1.458466833,-0.57110347,-0.18941307,-1.043762067,-1.772271008,-1.331562614,-0.999918845,-1.968778692,-2.474538054,-1.693784975,-0.143513309,-2.043114884,-0.700044066,-0.785357478,-1.064595576,-1.46476002,-0.761899244,-0.056713809,-0.883075124,-1.076529724,-1.287245836,-1.876098536,-1.159025891,-0.1825746,-0.276302474,-0.942394101,-0.200190416,-1.541837043,-0.568414172,-1.149637791,-0.627820932,-1.645274479,-1.408993484,-0.012036968,-1.513808221,-1.218706384,0.129083771,-0.148062767,-0.342958438,-1.106324275,-0.356180308,-1.565805579,-0.377406049,-1.890992943,-2.010201637,-0.973463588,0.209051146,-2.174580648,-0.808945161,-0.87758844,-0.828063561,-1.351070001,-1.827552593,-1.758139256,-0.1318144,-0.20468402,-2.117838936,-1.552896816,0.148742924,-1.686683748,-0.648389396,-1.394293082,-1.096395038,-1.343922531,-0.498443183,-1.902645896,-0.404322696,-1.685123144,-2.21045925,0.058713464,-1.057516905,-0.41549573,-1.363779772,-0.574147323,-0.919497396,-1.845601509,-1.120069288,-0.137375206,0.081815184,-2.403314727,-1.81110845,-1.04821004,-1.922565002,-0.594971318,-0.859532077,-1.903643236,-0.229256449,0,-0.576141981,-1.724449577